140180782841856,      libc.so.6,      7f7e61bb90d0,               _dl_addr,       66223
140180782841856,      libc.so.6,      7f7e61b75720,                 __sbrk,          49
140180782841856,      libc.so.6,      7f7e61b756c0,                    brk,          20
140180782841856,      libc.so.6,      7f7e61b6f860,                  write,          27
140180782841856,      libc.so.6,      7f7e61b6ee50,               __fxstat,          10
140180782841856,      libc.so.6,      7f7e61b4bd40,                  _Exit,           8
140180782841856,      libc.so.6,      7f7e61b0b100,     __default_morecore,          14
140180782841856,      libc.so.6,      7f7e61b09610,          __libc_malloc,          91
140180782841856,      libc.so.6,      7f7e61b02a00,     _IO_default_xsputn,         128
140180782841856,      libc.so.6,      7f7e61b028d0,         _IO_doallocbuf,          25
140180782841856,      libc.so.6,      7f7e61b02870,               _IO_setb,          18
140180782841856,      libc.so.6,      7f7e61b01a30,      _IO_file_overflow,         284
140180782841856,      libc.so.6,      7f7e61b01740,           _IO_do_write,          37
140180782841856,      libc.so.6,      7f7e61b00bd0,        _IO_file_xsputn,        1027
140180782841856,      libc.so.6,      7f7e61b005e0,         _IO_file_write,         108
140180782841856,      libc.so.6,      7f7e61b005d0,          _IO_file_stat,           4
140180782841856,      libc.so.6,      7f7e61aff8c0,        _IO_file_setbuf,          15
140180782841856,      libc.so.6,      7f7e61aff7c0,          _IO_file_sync,          17
140180782841856,      libc.so.6,      7f7e61af4880,    _IO_file_doallocate,          63
140180782841856,      libc.so.6,      7f7e61add700,             _IO_printf,          81
140180782841856,      libc.so.6,      7f7e61ad4b90,               vfprintf,        1286
140180782841856,      libc.so.6,      7f7e61ad1d40,                cuserid,         240
140180782841856,      libc.so.6,      7f7e61abf5a0,       __call_tls_dtors,          11
140180782841856,      libc.so.6,      7f7e61abf280,         __cxa_finalize,          58
140180782841856,      libc.so.6,      7f7e61abf270,           __cxa_atexit,           2
140180782841856,      libc.so.6,      7f7e61abef50,                   exit,           5
140180782841856,      libc.so.6,      7f7e61abc4f0,                _setjmp,           2
140180782841856,      libc.so.6,      7f7e61abc450,            __sigsetjmp,          26
140180782841856,      libc.so.6,      7f7e61ab5580,           __ctype_init,          16
140180782841856,      libc.so.6,      7f7e61aa8fb0,      __libc_start_main,          56
140180782841856,      libc.so.6,      7f7e61aa8e20,                  _init,         105
140180782841856,      libc.so.6,      7f7e61aa7300,               .plt.got,           1
140180782841856,      libc.so.6,      7f7e61aa72b0,                   @plt,           1
140180782841856,      libc.so.6,      7f7e61aa7260,                   @plt,          12
140180782841856,      libc.so.6,      7f7e61aa71d0,_dl_find_dso_for_object@plt,           3
140180782841856,      libc.so.6,      7f7e61aa7120,  __tunable_get_val@plt,          13
140180782841856,      libc.so.6,      7f7e61aa7070,                   @plt,           8
140180782841856,      libc.so.6,      7f7e61aa7000,                   .plt,           4
140181109395456,ld-linux-x86-64.so.2,      7f7e7539e570,    _dl_catch_exception,          62
140181109395456,ld-linux-x86-64.so.2,      7f7e7539df60,                   free,          28
140181109395456,ld-linux-x86-64.so.2,      7f7e7539df20,                 calloc,          72
140181109395456,ld-linux-x86-64.so.2,      7f7e7539ddf0,                 malloc,         355
140181109395456,ld-linux-x86-64.so.2,      7f7e7539ba90,      __tunable_get_val,         356
140181109395456,ld-linux-x86-64.so.2,      7f7e75397a80,_dl_find_dso_for_object,          41
140181109395456,ld-linux-x86-64.so.2,      7f7e75396e30,  _dl_allocate_tls_init,          84
140181109395456,ld-linux-x86-64.so.2,      7f7e75394910,        _dl_debug_state,           2
140181109395456,ld-linux-x86-64.so.2,      7f7e75386090,                  .text,        4504
140181109395456,ld-linux-x86-64.so.2,      7f7e75386080,               .plt.got,           7
140181109395456,ld-linux-x86-64.so.2,      7f7e75386040,             calloc@plt,           9
140181109395456,ld-linux-x86-64.so.2,      7f7e75386020,             malloc@plt,          18
140181109395456,ld-linux-x86-64.so.2,      7f7e75386010,_dl_catch_exception@plt,           2
94772479115264,           prog,      5631eff39234,                  _fini,           3
94772479115264,           prog,      5631eff391d0,        __libc_csu_init,          33
94772479115264,           prog,      5631eff39135,                   main,          36
94772479115264,           prog,      5631eff39130,            frame_dummy,           1
94772479115264,           prog,      5631eff390f0,  __do_global_dtors_aux,          12
94772479115264,           prog,      5631eff390b0,     register_tm_clones,          10
94772479115264,           prog,      5631eff39080,   deregister_tm_clones,           5
94772479115264,           prog,      5631eff39050,                 _start,          11
94772479115264,           prog,      5631eff39040,               .plt.got,           1
94772479115264,           prog,      5631eff39030,             printf@plt,           5
94772479115264,           prog,      5631eff39020,                   .plt,           2
94772479115264,           prog,      5631eff39000,                  _init,           6
